Equipo,FutFantasy,SofaScore
Almería,melero,gonzalo melero
Almería,lazaro,lazaro
Almería,lopy,dion lopy
Almería,akieme,sergio akieme
Almería,robertone,lucas robertone
Almería,pubill,marc pubill
Almería,ramazani,largie ramazani
Almería,embarba,adrian embarba
Almería,arribas,sergio arribas
Almería,babic,srđan babic
Almería,baba,iddrisu baba
Almería,luis suarez,luis javier suarez
Almería,marino,diego marino
Almería,edgar,edgar gonzalez
Almería,pozo,alejandro pozo
Almería,marezi,marko milovanovic
Rayo Vallecano,dimitrievski,stole dimitrievski
Rayo Vallecano,lejeune,florian lejeune
Rayo Vallecano,valentin,oscar valentin
Rayo Vallecano,aridane,aridane hernandez
Rayo Vallecano,trejo,oscar trejo
Rayo Vallecano,falcao,radamel falcao
Rayo Vallecano,unai lopez,unai lopez
Rayo Vallecano,mendez,diego mendez
Rayo Vallecano,balliu,ivan balliu
Rayo Vallecano,espino,alfonso espino
Rayo Vallecano,salvi,salvi sanchez
Rayo Vallecano,pep chavarria,josep chavarria
Rayo Vallecano,alvaro garcia,alvaro garcia
Rayo Vallecano,nteka,randy nteka
Rayo Vallecano,pathe ciss,pathe ismael ciss
Rayo Vallecano,isi,isi palazon
Sevilla,fernando,fernando
Sevilla,gattoni,federico gattoni
Sevilla,sow,djibril sow
Sevilla,lamela,erik lamela
Sevilla,oliver,oliver torres
Sevilla,suso,suso
Sevilla,navas,jesus navas
Sevilla,rakitic,ivan rakitic
Sevilla,ocampos,lucas ocampos
Sevilla,bono,bono
Sevilla,juanlu,juanlu sanchez
Sevilla,bade,loic bade
Sevilla,en nesyri,youssef en-nesyri
Sevilla,gudelj,nemanja gudelj
Sevilla,acuna,marcos acuna
Valencia,jesus vazquez,jesus vazquez
Valencia,pepelu,pepelu
Valencia,foulquier,dimitri foulquier
Valencia,gozalbez,pablo gozalbez
Valencia,gabriel,gabriel paulista
Valencia,duro,hugo duro
Valencia,fran perez,fran perez
Valencia,almeida,andre almeida
Valencia,diego lopez,diego lopez
Valencia,javi guerra,javier guerra
Valencia,thierry,thierry correia
Valencia,diakhaby,mouctar diakhaby
Valencia,mamardashvili,giorgi mamardashvili
Valencia,ozkacar,cenk ozkacar
Valencia,gaya,jose luis gaya
Real Sociedad,sadiq,umar sadiq
Real Sociedad,olasagasti,jon ander olasagasti
Real Sociedad,turrientes,benat turrientes
Real Sociedad,alex sola,alex sola
Real Sociedad,carlos,carlos fernandez
Real Sociedad,oyarzabal,mikel oyarzabal
Real Sociedad,ali cho,mohamed-ali cho
Real Sociedad,zubimendi,martin zubimendi
Real Sociedad,barrenetxea,ander barrenetxea
Real Sociedad,zubeldia,igor zubeldia
Real Sociedad,kubo,takefusa kubo
Real Sociedad,traore,hamari traore
Real Sociedad,aihen,aihen munoz
Real Sociedad,le normand,robin le normand
Real Sociedad,remiro,alex remiro
Real Sociedad,brais,brais mendez
Girona FC,ivan martin,ivan martin
Girona FC,pablo torre,pablo torre
Girona FC,bernardo,bernardo espinosa
Girona FC,valery,valery fernandez
Girona FC,herrera,yangel herrera
Girona FC,aleix garcia,aleix garcia
Girona FC,savinho,savinho
Girona FC,blind,daley blind
Girona FC,stuani,cristhian stuani
Girona FC,tsygankov,viktor tsygankov
Girona FC,yan couto,yan couto
Girona FC,david lopez,david lopez
Girona FC,gazzaniga,paulo gazzaniga
Girona FC,miguel,miguel gutierrez
Girona FC,arnau,arnau martinez
Girona FC,dovbyk,artem dovbyk
Las Palmas,mfulu,omenuke mfulu
Las Palmas,loiodice,enzo loiodice
Las Palmas,munir,munir el haddadi
Las Palmas,kirian,kirian rodriguez
Las Palmas,saul coco,saul coco
Las Palmas,alex suarez,alex suarez
Las Palmas,s. cardona,sergi cardona
Las Palmas,m. cardona,marc cardona
Las Palmas,sandro,sandro ramirez
Las Palmas,viera,jonathan viera
Las Palmas,sinkgraven,daley sinkgraven
Las Palmas,valles,alvaro valles
Las Palmas,javi munoz,javier munoz
Las Palmas,a. lemos,alvaro lemos
Mallorca,giovanni,giovanni gonzalez
Mallorca,raillo,antonio raillo
Mallorca,copete,jose copete
Mallorca,larin,cyle larin
Mallorca,dani rodriguez,dani rodriguez
Mallorca,morlanes,manu morlanes
Mallorca,samu,samu costa
Mallorca,maffeo,pablo maffeo
Mallorca,valjent,martin valjent
Mallorca,amath,amath ndiaye
Mallorca,mascarell,omar mascarell
Mallorca,llabres,javi llabres
Mallorca,costa,jaume costa
Mallorca,darder,sergi darder
Mallorca,muriqi,vedat muriqi
Mallorca,rajkovic,predrag rajkovic
Athletic Club,herrera,ander herrera
Athletic Club,sancet,oihan sancet
Athletic Club,berenguer,alex berenguer
Athletic Club,muniain,iker muniain
Athletic Club,guruzeta,gorka guruzeta
Athletic Club,unai gomez,unai gomez
Athletic Club,imanol,imanol garcia de albeniz
Athletic Club,vesga,mikel vesga
Athletic Club,paredes,aitor paredes
Athletic Club,n. williams,nico williams
Athletic Club,lekue,inigo lekue
Athletic Club,unai simon,unai simon
Athletic Club,vivian,daniel vivian
Athletic Club,i. williams,inaki williams
Athletic Club,de marcos,oscar de marcos
Athletic Club,r. de galarreta,inigo ruiz de galarreta
Real Madrid,joselu,joselu
Real Madrid,militao,eder militao
Real Madrid,bellingham,jude bellingham
Real Madrid,rodrygo,rodrygo
Real Madrid,tchouameni,aurelien tchouameni
Real Madrid,modric,luka modric
Real Madrid,rudiger,antonio rudiger
Real Madrid,kroos,toni kroos
Real Madrid,lunin,andriy lunin
Real Madrid,fran garcia,fran garcia
Real Madrid,camavinga,eduardo camavinga
Real Madrid,valverde,federico valverde
Real Madrid,vinicius,vinicius junior
Real Madrid,carvajal,daniel carvajal
Real Madrid,alaba,david alaba
Celta Vigo,swedberg,williot swedberg
Celta Vigo,veiga,gabri veiga
Celta Vigo,de la torre,luca de la torre
Celta Vigo,miguel,miguel rodriguez
Celta Vigo,strand larsen,jørgen strand larsen
Celta Vigo,beltran,fran beltran
Celta Vigo,aspas,iago aspas
Celta Vigo,bamba,jonathan bamba
Celta Vigo,manu sanchez,manuel sanchez
Celta Vigo,mingueza,oscar mingueza
Celta Vigo,sotelo,hugo sotelo
Celta Vigo,carles perez,carles perez
Celta Vigo,nunez,unai nunez
Celta Vigo,cervi,franco cervi
Celta Vigo,ivan villar,ivan villar
Celta Vigo,aidoo,joseph aidoo
Osasuna,moncayola,jon moncayola
Osasuna,herrera,sergio herrera
Osasuna,david garcia,david garcia
Osasuna,ruben pena,ruben pena
Osasuna,iker munoz,iker munoz
Osasuna,areso,jesus areso
Osasuna,arnaiz,jose manuel arnaiz
Osasuna,torro,lucas torro
Osasuna,budimir,ante budimir
Osasuna,mojica,johan mojica
Osasuna,ibanez,pablo ibanez
Osasuna,chimy,chimy avila
Osasuna,oroz,aimar oroz
Osasuna,catena,alejandro catena
Osasuna,moi gomez,moi gomez
Osasuna,ruben g.,ruben garcia
Villarreal,comesana,santi comesana
Villarreal,denis suarez,denis suarez
Villarreal,capoue,etienne capoue
Villarreal,morales,jose luis morales
Villarreal,gerard,gerard moreno
Villarreal,terrats,ramon terrats
Villarreal,parejo,dani parejo
Villarreal,pedraza,alfonso pedraza
Villarreal,a. moreno,alberto moreno
Villarreal,cuenca,jorge cuenca
Villarreal,foyth,juan foyth
Villarreal,mandi,aissa mandi
Villarreal,jorgensen,filip jørgensen
Villarreal,sorloth,alexander sørloth
Villarreal,baena,alejandro baena
Real Betis,guardado,andres guardado
Real Betis,akouokou,paul akouokou
Real Betis,willian jose,willian jose
Real Betis,ruibal,aitor ruibal
Real Betis,luiz henrique,luiz henrique
Real Betis,rodri,rodri sanchez
Real Betis,iglesias,borja iglesias
Real Betis,pezzella,german pezzella
Real Betis,isco,isco
Real Betis,guido,guido rodriguez
Real Betis,ayoze,ayoze perez
Real Betis,abner,abner vinicius
Real Betis,rui silva,rui silva
Real Betis,luiz felipe,luiz felipe
Real Betis,marc roca,marc roca
Real Betis,y. sabaly,youssouf sabaly
Getafe,djene,djene
Getafe,mayoral,borja mayoral
Getafe,maksimovic,nemanja maksimovic
Getafe,latasa,juanmi latasa
Getafe,mitrovic,stefan mitrovic
Getafe,iglesias,juan iglesias
Getafe,soria,david soria
Getafe,gaston,gaston alvarez
Getafe,damian,damian suarez
Getafe,lozano,anthony lozano
Getafe,portu,portu
Getafe,alena,carles alena
Getafe,mata,jaime mata
Getafe,d. duarte,domingos duarte
Barcelona,pedri,pedri
Barcelona,lewandowski,robert lewandowski
Barcelona,ansu fati,ansu fati
Barcelona,romeu,oriol romeu
Barcelona,balde,alejandro balde
Barcelona,raphinha,raphinha
Barcelona,araujo,ronald araujo
Barcelona,gavi,pablo gavi
Barcelona,ter stegen,marc-andre ter stegen
Barcelona,kounde,jules kounde
Barcelona,yamal,lamine yamal
Barcelona,gundogan,ilkay gundogan
Barcelona,a. christensen,andreas christensen
Barcelona,f. de jong,frenkie de jong
Barcelona,abde,abdessamad ezzalzouli
Cádiz,fali,fali
Cádiz,iza carcelen,iza carcelen
Cádiz,alex fernandez,alex fernandez
Cádiz,roger,roger marti
Cádiz,mere,jorge mere
Cádiz,alcaraz,ruben alcaraz
Cádiz,sobrino,ruben sobrino
Cádiz,ledesma,jeremias ledesma
Cádiz,lucas pires,lucas pires
Cádiz,ramos,chris ramos
Cádiz,alejo,ivan alejo
Cádiz,san emeterio,fede san emeterio
Cádiz,escalante,gonzalo escalante
Cádiz,luis hernandez,luis hernandez
Cádiz,javi hernandez,javier hernandez
Cádiz,machis,darwin machis
Deportivo Alavés,kike garcia,kike garcia
Deportivo Alavés,sylla,mamadou sylla
Deportivo Alavés,javi lopez,javi lopez
Deportivo Alavés,guridi,jon guridi
Deportivo Alavés,miguel,miguel de la fuente
Deportivo Alavés,rebbach,abderrahman rebbach
Deportivo Alavés,blanco,antonio blanco
Deportivo Alavés,gorosabel,andoni gorosabel
Deportivo Alavés,guevara,ander guevara
Deportivo Alavés,rioja,luis rioja
Deportivo Alavés,abqar,abdelkabir abqar
Deportivo Alavés,sedlar,aleksandar sedlar
Deportivo Alavés,sivera,antonio sivera
Deportivo Alavés,rafa marin,rafa marin
Deportivo Alavés,r. duarte,ruben duarte
Deportivo Alavés,protesoni,carlos benavidez
Atlético Madrid,koke,koke
Atlético Madrid,barrios,pablo barrios
Atlético Madrid,memphis,memphis depay
Atlético Madrid,saul,saul niguez
Atlético Madrid,correa,angel correa
Atlético Madrid,morata,alvaro morata
Atlético Madrid,lemar,thomas lemar
Atlético Madrid,soyuncu,caglar soyuncu
Atlético Madrid,savic,stefan savic
Atlético Madrid,griezmann,antoine griezmann
Atlético Madrid,azpilicueta,cesar azpilicueta
Atlético Madrid,oblak,jan oblak
Atlético Madrid,hermoso,mario hermoso
Atlético Madrid,de paul,rodrigo de paul
Atlético Madrid,carrasco,yannick carrasco
Atlético Madrid,m. llorente,marcos llorente
Granada,melendo,oscar melendo
Granada,petrovic,njegos petrovic
Granada,puertas,antonio puertas
Granada,ricard,ricard sanchez
Granada,villar,gonzalo villar
Granada,bryan,bryan zaragoza
Granada,sergio ruiz,sergio ruiz alonso
Granada,gumbau,gerard gumbau
Granada,callejon,jose callejon
Granada,uzuni,myrto uzuni
Granada,vallejo,jesus vallejo
Granada,miguel rubio,miguel rubio
Granada,neva,carlos neva
Granada,ferreira,andre ferreira
Granada,i. miquel,ignasi miquel
Granada,omorodion,samu aghehowa
Villarreal,albiol,raul albiol
Villarreal,gabbia,matteo gabbia
Villarreal,ben brereton,ben brereton diaz
Villarreal,akhomach,ilias akhomach
Valencia,hugo gonzalez,hugo gonzalez
Las Palmas,pejino,pejino
Las Palmas,marmol,mika marmol
Las Palmas,benito,benito ramirez
Las Palmas,j. araujo,julian araujo
Real Sociedad,pacheco,jon pacheco
Celta Vigo,dotor,carlos dotor
Celta Vigo,starfelt,carl starfelt
Almería,puigmal,arnau puigmal
Almería,chumi,chumi
Almería,kone,ibrahima kone
Almería,luis maximiano,luis maximiano
Real Madrid,brahim,brahim diaz
Real Madrid,lucas,lucas vazquez
Osasuna,raul garcia,raul garcia de haro
Osasuna,aitor,aitor fernandez
Athletic Club,raul garcia,raul garcia
Athletic Club,prados,benat prados
Girona FC,selvi,selvi clua
Getafe,gorka,gorka rivera
Getafe,santi,santi garcia
Barcelona,ferran,ferran torres
Barcelona,eric garcia,eric garcia
Barcelona,s. roberto,sergi roberto
Cádiz,jose mari,jose mari
Cádiz,negredo,alvaro negredo
Cádiz,osmajic,milutin osmajic
Real Betis,juan cruz,juan cruz
Atlético Madrid,riquelme,rodrigo riquelme
Atlético Madrid,witsel,axel witsel
Atlético Madrid,samuel lino,samuel lino
Deportivo Alavés,alkain,xeber alkain
Sevilla,rafa mir,rafa mir
Sevilla,pedrosa,adria pedrosa
Sevilla,jordan,joan jordan
Sevilla,kike salas,kike salas
Sevilla,dmitrovic,marko dmitrovic
Sevilla,tecatito,jesus corona
Granada,perea,alberto perea
Granada,f. diedhiou,famara diedhiou
Rayo Vallecano,bebe,bebe
Rayo Vallecano,mumin,abdul mumin
Rayo Vallecano,de tomas,raul de tomas
Rayo Vallecano,de frutos,jorge de frutos
Las Palmas,kaba,sory kaba
Real Sociedad,merino,mikel merino
Real Sociedad,zakharyan,arsen zakharyan
Celta Vigo,tapia,renato tapia
Real Madrid,kepa,kepa arrizabalaga
Real Madrid,nacho,nacho fernandez
Cádiz,maxi gomez,maximiliano gomez
Almería,kaiky,kaiky
Almería,baptistao,leo baptistao
Granada,victor diaz,victor diaz
Granada,soro,alberto soro
Granada,raul f.,raul fernandez
Mallorca,abdon,abdon prats
Mallorca,lato,toni lato
Girona FC,juanpe,juanpe
Barcelona,fermin,fermin lopez
Barcelona,m. alonso,marcos alonso
Valencia,mosquera,cristhian mosquera
Valencia,canos,sergi canos
Osasuna,kike barja,kike barja
Osasuna,nacho vidal,nacho vidal
Osasuna,juan cruz,juan cruz
Athletic Club,villalibre,asier villalibre
Athletic Club,dani garcia,dani garcia
Athletic Club,yuri,yuri berchiche
Real Betis,miranda,juan miranda
Getafe,angileri,fabrizio angileri
Getafe,alderete,omar alderete
Deportivo Alavés,owono,samu aghehowa
Rayo Vallecano,camello,sergio camello
Atlético Madrid,molina,nahuel molina
Villarreal,femenia,kiko femenia
Villarreal,yeremi,yeremy pino
Celta Vigo,douvikas,anastasios douvikas
Celta Vigo,dominguez,carlos dominguez
Real Sociedad,tierney,kieran tierney
Granada,boye,lucas boye
Granada,miki bosch,adria bosch
Getafe,arambarri,mauro arambarri
Getafe,carmona,jose angel carmona
Deportivo Alavés,alex sola,alex sola
Deportivo Alavés,tenaglia,nahuel tenaglia
Deportivo Alavés,hagi,ianis hagi
Valencia,amallah,selim amallah
Valencia,mario,mario dominguez
Real Betis,altimira,sergi altimira
Real Betis,bellerin,hector bellerin
Rayo Vallecano,kike perez,kike perez
Girona FC,portu,portu
Las Palmas,perrone,maximo perrone
Mallorca,van der heyden,siebe van der heyden
Osasuna,herrando,jorge herrando
Barcelona,joao felix,joao felix
Barcelona,cancelo,joao cancelo
Barcelona,inigo,inigo martinez
Atlético Madrid,reinildo,reinildo mandava
Atlético Madrid,gimenez,jose maria gimenez
Sevilla,januzaj,adnan januzaj
Sevilla,soumare,boubakary soumare
Sevilla,ramos,sergio ramos
Deportivo Alavés,karrikaburu,jon karrikaburu
Athletic Club,yeray,yeray alvarez
Cádiz,navarro,robert navarro
Valencia,guillamon,hugo guillamon
Valencia,tarrega,cesar tarrega
Atlético Madrid,galan,javi galan
Celta Vigo,ristic,mihailo ristic
Mallorca,antonio,antonio sanchez
Mallorca,nastasic,matija nastasic
Real Betis,vieites,francisco vieites
Real Betis,abde,abdessamad ezzalzouli
Real Betis,chadi riad,chadi riad
Real Betis,bartra,marc bartra
Getafe,greenwood,mason greenwood
Getafe,oscar,oscar rodriguez
Getafe,diego rico,diego rico
Villarreal,romero,carlos romero
Almería,montes,cesar montes
Sevilla,lukebakio,dodi lukebakio
Las Palmas,marvin,marvin park
Granada,torrente,raul torrente
Granada,a. f. carreras,alvaro carreras
Girona FC,eric garcia,eric garcia
Sevilla,nyland,ørjan nyland
Real Sociedad,urko,urko gonzalez
Villarreal,trigueros,manu trigueros
Real Betis,bravo,claudio bravo
Cádiz,kouame,rominigue kouame
Las Palmas,cristian h.,cristian herrera
Real Madrid,mendy,ferland mendy
Almería,mendes,houboulang mendes
Almería,centelles,alex centelles
Girona FC,solis,jhon solis
Real Madrid,ceballos,dani ceballos
Las Palmas,curbelo,eric curbelo
Cádiz,guardiola,sergi guardiola
Valencia,yaremchuk,roman yaremchuk
Real Sociedad,odriozola,alvaro odriozola
Real Sociedad,aritz,aritz elustondo
Granada,weissman,shon weissman
Real Betis,carvalho,william carvalho
Real Betis,assane,assane diao
Sevilla,mariano,mariano diaz
Real Sociedad,andre silva,andre silva
Cádiz,zaldua,joseba zaldua
Cádiz,momo,mamadou mbaye
Almería,marciano,marciano sanca tchami
Girona FC,kebe,ibrahima kebe
Valencia,yarek,yarek gasiorowski
Real Betis,visus,ricardo visus
Celta Vigo,kevin,kevin vazquez
Celta Vigo,guaita,vicente guaita
Las Palmas,moleiro,alberto moleiro
Almería,fernando,fernando martinez
Villarreal,altimira,adria altimira
Barcelona,marc guiu,marc guiu
Athletic Club,ares,malcom ares
Getafe,luis milla,luis milla
Real Betis,fekir,nabil fekir
Granada,manafa,wilson manafa
Villarreal,jorge pascual,jorge pascual
Rayo Vallecano,ratiu,andrei ratiu
Cádiz,chust,victor chust
Real Madrid,nico paz,nico paz
Deportivo Alavés,mendes,tomas mendes
Cádiz,ocampo,brian ocampo
Cádiz,david gil,david gil
Barcelona,pena,inaki pena
Sevilla,nianzou,tanguy nianzou
Real Madrid,gonzalo,gonzalo garcia
Athletic Club,nolaskoain,peru nolaskoain
Almería,rachad,rachad fettal
Real Betis,sokratis,sokratis papastathopoulos
Villarreal,coquelin,francis coquelin
Cádiz,moussa,moussa diakite
Getafe,jordi martin,jordi martin
Deportivo Alavés,ropero,unai ropero
Osasuna,unai garcia,unai garcia
Rayo Vallecano,pozo,jose pozo
Athletic Club,jauregizar,mikel jauregizar
Valencia,alberto mari,alberto mari
Real Sociedad,magunazelaia,jon magunazelaia
Sevilla,marcao,marcao
Sevilla,manu bueno,manu bueno
Getafe,enes unal,enes unal
Real Sociedad,marrero,unai marrero
Deportivo Alavés,giuliano,giuliano simeone
Deportivo Alavés,carlos vicente,carlos vicente
Villarreal,bailly,eric bailly
Granada,arezo,matias arezo
Granada,bruno mendez,bruno mendez
Granada,batalla,augusto batalla
Celta Vigo,hugo alvarez,hugo alvarez
Barcelona,vitor roque,vitor roque
Sevilla,romero,isaac romero
Deportivo Alavés,parada,victor parada
Deportivo Alavés,omorodion,samu aghehowa
Las Palmas,inaki gonzalez,inaki gonzalez
Las Palmas,herzog,juanma herzog
Celta Vigo,jailson,jailson
Real Sociedad,dadie,alberto dadie
Real Betis,busto,pablo busto
Granada,hongla,martin hongla
Granada,piatkowski,kamil piatkowski
Barcelona,cubarsi,pau cubarsi
Osasuna,brasanac,darko brasanac
Atlético Madrid,vermeeren,arthur vermeeren
Rayo Vallecano,crespo,miguel crespo
Getafe,yellu,yellu santiago
Cádiz,etta eyong,etta eyong
Villarreal,guedes,goncalo guedes
Real Sociedad,aramburu,jon aramburu
Real Betis,cardoso,johnny cardoso
Girona FC,yaakobishvili,antal yaakobishvili
Sevilla,agoume,lucien agoume
Sevilla,mejbri,hannibal mejbri
Almería,romero,luka romero
Real Sociedad,galan,javi galan
Real Sociedad,becker,sheraldo becker
Real Madrid,guler,arda guler
Barcelona,fort,hector fort
Villarreal,mosquera,yerson mosquera
Granada,maouassa,faitout maouassa
Mallorca,nacho vidal,nacho vidal
Almería,lozano,anthony lozano
Granada,pellistri,facundo pellistri
Granada,corbeanu,theo corbeanu
Las Palmas,fabio,fabio gonzalez
Deportivo Alavés,panichelli,joaquin panichelli
Cádiz,juanmi,juanmi
Celta Vigo,allende,tadeo allende
Celta Vigo,manquillo,javier manquillo
Real Betis,fornals,pablo fornals
Sevilla,hormigo,diego hormigo
Real Betis,chimy,chimy avila
Valencia,peter,peter gonzalez
Getafe,moriba,ilaix moriba
Mallorca,radonjic,nemanja radonjic
Atlético Madrid,gabriel,gabriel paulista
Granada,jozwiak,kamil jozwiak
Almería,langa,bruno langa
Almería,radovanovic,aleksandar radovanovic
Villarreal,traore,bertrand traore
Cádiz,samassekou,diadie samassekou
Sevilla,veliz,alejo veliz
Almería,viera,jonathan viera
Real Betis,bakambu,cedric bakambu
Las Palmas,campana,jose campana
Osasuna,arguibide,inigo arguibide
Real Madrid,alvaro r.,alvaro rodriguez
Villarreal,lekovic,stefan lekovic
Villarreal,reina,pepe reina
Cádiz,ousou,aiham ousou
Atlético Madrid,el jebari,salim el jebari
Girona FC,jastin,jastin garcia
Celta Vigo,damian,damian rodriguez
Almería,pena,marcos pena
Barcelona,casado,marc casado
Mallorca,greif,dominik greif
Las Palmas,aaron,aaron escandell
Athletic Club,agirrezabala,julen agirrezabala
Osasuna,osambela,asier osambela
Girona FC,toni villa,toni villa
Getafe,yassin,yassin tallal
Atlético Madrid,abde,abde raihani
Getafe,risco,alberto risco
Valencia,jaume,jaume domenech
Getafe,jeremy,jeremy jorge
Real Madrid,courtois,thibaut courtois
Osasuna,huarte,xabi huarte
Valencia,rivero,cristian rivero
Deportivo Alavés,owono,jesus owono
Osasuna,j. moreno,jorge moreno
Osasuna,svensson,max svensson
Real Madrid,mario martin,mario martin
Granada,marc martinez,marc martinez
Granada,rodelas,sergio rodelas
Getafe,aberdin,nabil aberdin
Athletic Club,olabarrieta,aingeru olabarrieta
Real Sociedad,jon martin,jon martin
Granada,pablo saenz,pablo saenz
Granada,brau,miguel angel brau
Almería,paco sanz,paco sanz
Cádiz,borja,borja vazquez
Rayo Vallecano,cardenas,dani cardenas
Getafe,fuzato,daniel fuzato
Mallorca,cuellar,ivan cuellar
Celta Vigo,rueda,javier rueda
Celta Vigo,lago,yoel lago
Valencia,iranzo,ruben iranzo
Deportivo Alavés,eneko ortiz,eneko ortiz
Athletic Club,gorosabel,andoni gorosabel
Athletic Club,padilla,alex padilla
Getafe,peter,peter gonzalez
Getafe,carles perez,carles perez
Getafe,alex sola,alex sola
Getafe,uche,christantus uche
Real Betis,juanmi,juanmi
Real Betis,perraud,romain perraud
Real Betis,d. llorente,diego llorente
Girona FC,krejci,ladislav krejci
Girona FC,misehouy,gabriel misehouy
Girona FC,almena,iker almena
Girona FC,bryan gil,bryan gil
Girona FC,abel ruiz,abel ruiz
Girona FC,romeu,oriol romeu
Celta Vigo,iglesias,borja iglesias
Celta Vigo,moriba,ilaix moriba
Celta Vigo,javi rodriguez,javi rodriguez
Deportivo Alavés,stoichkov,stoichkov
Deportivo Alavés,villalibre,asier villalibre
Deportivo Alavés,romero,luka romero
Deportivo Alavés,novoa,hugo novoa
Deportivo Alavés,conechny,tomas conechny
Deportivo Alavés,diarra,moussa diarra
Las Palmas,viti rozada,viti rozada
Las Palmas,mckenna,scott mckenna
Las Palmas,fuster,manuel fuster
Las Palmas,bassinga,aboubacar bassinga
Las Palmas,mcburnie,oliver mcburnie
Las Palmas,mata,jaime mata
Las Palmas,cillessen,jasper cillessen
Las Palmas,alex munoz,alex munoz
Sevilla,peque,peque fernandez
Sevilla,carmona,jose angel carmona
Osasuna,bryan,bryan zaragoza
Osasuna,bretones,abel bretones
Leganés,roberto lopez,roberto lopez
Leganés,diego garcia,diego garcia
Leganés,chicco,julian chicco
Leganés,raba,dani raba
Leganés,tapia,renato tapia
Leganés,franquesa,enric franquesa
Leganés,brasanac,darko brasanac
Leganés,cisse,seydouba cisse
Leganés,juan cruz,juan cruz
Leganés,miguel,miguel de la fuente
Leganés,neyou,yvan neyou
Leganés,sergio,sergio gonzalez
Leganés,rosier,valentin rosier
Leganés,soriano,juan soriano
Leganés,aranbarri,aritz arambarri
Leganés,javi hernandez,javier hernandez
Valencia,dani gomez,dani gomez
Valencia,tejon,martin tejon
Valencia,otorbi,david otorbi
Valencia,rafa mir,rafa mir
Barcelona,pau victor,pau victor
Barcelona,martin,gerard martin
Barcelona,bernal,marc bernal
Real Sociedad,sucic,luka sucic
Real Sociedad,sergio gomez,sergio gomez
Real Sociedad,javi lopez,javi lopez
Rayo Vallecano,gumbau,gerard gumbau
Rayo Vallecano,embarba,adrian embarba
Mallorca,asano,takuma asano
Mallorca,mojica,johan mojica
Real Madrid,mbappe,kylian mbappe
Real Valladolid,meseguer,victor meseguer
Real Valladolid,torres,david torres
Real Valladolid,javi sanchez,javi sanchez
Real Valladolid,raul moro,raul moro
Real Valladolid,juric,stanko juric
Real Valladolid,comert,eray comert
Real Valladolid,luis perez,luis perez
Real Valladolid,ivan sanchez,ivan sanchez
Real Valladolid,hein,karl hein
Real Valladolid,amallah,selim amallah
Real Valladolid,sylla,mamadou sylla
Real Valladolid,boyomo,flavien boyomo
Real Valladolid,kike perez,kike perez
Real Valladolid,rosa,lucas rosa
Real Valladolid,chuki,chuky
Real Valladolid,amath,amath ndiaye
Espanyol,lozano,pol lozano
Espanyol,kral,alex kral
Espanyol,cardona,irvin cardona
Espanyol,aguado,alvaro aguado
Espanyol,veliz,alejo veliz
Espanyol,gragera,jose gragera
Espanyol,jofre,jofre carreras
Espanyol,pere milla,pere milla
Espanyol,puado,javi puado
Espanyol,sergi gomez,sergi gomez
Espanyol,cabrera,leandro cabrera
Espanyol,joan garcia,joan garcia
Espanyol,el hilali,omar el hilali
Espanyol,romero,carlos romero
Espanyol,roca,antoniu roca
Espanyol,tejero,alvaro tejero
Villarreal,ayoze,ayoze perez
Villarreal,pepe,nicolas pepe
Villarreal,danjuma,arnaut danjuma
Villarreal,p. gueye,pape gueye
Villarreal,conde,diego conde
Villarreal,s. cardona,sergi cardona
Atlético Madrid,alvarez,julian alvarez
Atlético Madrid,sorloth,alexander sørloth
Atlético Madrid,le normand,robin le normand
Celta Vigo,carreira,sergio carreira
Celta Vigo,duran,pablo duran
Valencia,rioja,luis rioja
Sevilla,iheanacho,kelechi iheanacho
Sevilla,ejuke,chidera ejuke
Sevilla,saul,saul niguez
Villarreal,barry,thierno barry
Villarreal,kambwala,willy kambwala
Espanyol,olivan,brian olivan
Espanyol,kumbulla,marash kumbulla
Real Sociedad,marin,pablo marin
Rayo Vallecano,pedro diaz,pedro diaz
Real Madrid,endrick,endrick
Real Valladolid,mario martin,mario martin
Real Valladolid,marcos andre,marcos andre
Real Valladolid,machis,darwin machis
Leganés,altimira,adria altimira
Leganés,oscar,oscar rodriguez
Deportivo Alavés,carlos martin,carlos martin
Deportivo Alavés,manu sanchez,manuel sanchez
Real Betis,natan,natan
Real Betis,rodriguez,ricardo rodriguez
Atlético Madrid,gallagher,conor gallagher
Girona FC,miovski,bojan miovski
Villarreal,costa,logan costa
Celta Vigo,alfon,alfon gonzalez
Mallorca,leo roman,leo roman
Mallorca,domenech,marc domenech
Sevilla,lokonga,albert sambi lokonga
Barcelona,olmo,dani olmo
Athletic Club,marton,javier marton
Athletic Club,boiro,adama boiro
Athletic Club,djalo,alvaro djalo
Real Valladolid,latasa,juanmi latasa
Leganés,jorge saenz,jorge saenz
Leganés,munir,munir el haddadi
Espanyol,cheddira,walid cheddira
Espanyol,calero,fernando calero
Deportivo Alavés,pica,adrian pica
Deportivo Alavés,toni martinez,toni martinez
Girona FC,asprilla,yaser asprilla
Girona FC,frances,alejandro frances
Girona FC,van de beek,donny van de beek
Osasuna,javi martinez,javi martinez
Osasuna,benito,iker benito
Real Betis,losada,iker losada
Real Betis,vitor roque,vitor roque
Real Betis,lo celso,giovani lo celso
Getafe,yildirim,bertug yıldırım
Barcelona,sergi dominguez,sergi dominguez
Barcelona,pablo torre,pablo torre
Real Valladolid,ozkacar,cenk ozkacar
Atlético Madrid,musso,juan musso
Atlético Madrid,giuliano,giuliano simeone
Mallorca,navarro,robert navarro
Villarreal,bernat,juan bernat
Osasuna,boyomo,flavien boyomo
Sevilla,idumbo m.,stanis idumbo muzambo
Sevilla,barco,valentin barco
Girona FC,danjuma,arnaut danjuma
Getafe,patrick finn,john patrick
Real Sociedad,oskarsson,orri steinn oskarsson
Leganés,haller,sebastien haller
Leganés,nastasic,matija nastasic
Mallorca,valery,valery fernandez
Deportivo Alavés,jordan,joan jordan
Deportivo Alavés,mourino,santiago mourino
Sevilla,montiel,gonzalo montiel
Getafe,berrocal,juan berrocal
Real Sociedad,aguerd,nayef aguerd
Celta Vigo,m. alonso,marcos alonso
Real Valladolid,kenedy,kenedy
Las Palmas,fabio silva,fabio silva
Valencia,barrenechea,enzo barrenechea
Valencia,valera,german valera
Rayo Vallecano,guardiola,sergi guardiola
Rayo Vallecano,james,james rodriguez
Rayo Vallecano,batalla,augusto batalla
Real Valladolid,juma bah,abdulay juma bah
Las Palmas,januzaj,adnan januzaj
Las Palmas,essugo,dario essugo
Leganés,dmitrovic,marko dmitrovic
Mallorca,chiquinho,chiquinho
Athletic Club,nunez,unai nunez
Real Madrid,vallejo,jesus vallejo
Getafe,keita,abdoulaye keita
Espanyol,unuvar,naci unuvar
Villarreal,pau navarro,pau navarro
Real Valladolid,chasco,raul chasco
Real Valladolid,maroto,mario maroto
Getafe,alvaro r.,alvaro rodriguez
Athletic Club,canales,peio canales
Sevilla,mejia,mateo mejia
Villarreal,cabanes,pau cabanes
Las Palmas,horkas,dinko horkas
Real Valladolid,anuar,anuar
Atlético Madrid,lenglet,clement lenglet
Athletic Club,serrano,nico serrano
Real Betis,flores,mateo flores
Girona FC,min su,min-su kim
Getafe,nyom,allan nyom
Valencia,ro abajas,rodrigo abajas
Sevilla,alvaro,alvaro fernandez
Girona FC,papa ba,papa ba
Getafe,arguelles,david arguelles
Valencia,caufriez,maximiliano caufriez
Mallorca,luna,daniel luna
Espanyol,smith,justin smith
Espanyol,bauza,rafael bauza
Sevilla,isra,isra dominguez
Villarreal,ojeda,thiago ojeda
Villarreal,luiz junior,luiz junior
Valencia,dimitrievski,stole dimitrievski
Real Madrid,asencio,raul asencio
Girona FC,ferran,ferran ruiz
Valencia,cordoba,iker cordoba
Real Betis,guirao,carlos guirao
Mallorca,morey,mateu morey
Getafe,coba,coba da costa
Real Betis,jesus,jesus rodriguez
Celta Vigo,fer lopez,fer lopez
Real Madrid,yanez,daniel yanez
Sevilla,dario,dario benavides
Sevilla,garcia pascual,alvaro garcia-pascual
Real Valladolid,arnu,adrian arnu
Espanyol,edu exposito,edu exposito
Sevilla,vargas,ruben vargas
Valencia,sadiq,umar sadiq
Espanyol,roberto,roberto fernandez
Atlético Madrid,nino,adrian nino
Real Betis,adrian,adrian
Getafe,bekhoucha,ismael bekhoucha
Real Madrid,lorenzo,lorenzo aguado
Real Madrid,chema,chema andres
Las Palmas,pelmard,andy pelmard
Real Betis,pablo garcia,pablo garcia
Real Betis,arribas,sergio arribas
Real Betis,ortiz,angel ortiz
Sevilla,antonetti,leandro antonetti
Espanyol,urko,urko gonzalez
Girona FC,pau lopez,pau lopez
Barcelona,szczesny,wojciech szczesny
Valencia,aarons,max aarons
Getafe,juanmi,juanmi
Sevilla,adams,akor adams
Real Valladolid,nikitscher,tamas nikitscher
Mallorca,salas,jan salas
Celta Vigo,losada,iker losada
Real Betis,antony,antony
Las Palmas,bajcetic,stefan bajcetic
Real Valladolid,grillitsch,florian grillitsch
Real Valladolid,aznou,adam aznou
Real Valladolid,aidoo,joseph aidoo
Real Valladolid,candela,antonio candela
Athletic Club,sannadi,maroan sannadi
Athletic Club,bujan,endika bujan
Villarreal,buchanan,tajon buchanan
Deportivo Alavés,cabanes,pau cabanes
Getafe,terrats,ramon terrats
Getafe,bernat,juan bernat
Valencia,ivan jaime,ivan jaime
Leganés,duk,duk
Leganés,barisic,borna barisic
Girona FC,arthur,arthur
Deportivo Alavés,alena,carles alena
Sevilla,ramon,ramon martinez
Real Betis,cucho,cucho hernandez
Rayo Vallecano,eto'o,etienne eto'o pineda
Las Palmas,pezzolesi,valentin pezzolesi
Real Sociedad,beitia,luken beitia
Real Sociedad,mariezkurrena,arkaitz mariezkurrena
Deportivo Alavés,garces,facundo garces
Espanyol,hinojo,roger hinojo
Deportivo Alavés,adrian,adrian rodriguez
Real Sociedad,dani diaz,dani diaz
Real Valladolid,rafus,arnau rafus
Rayo Vallecano,pelayo,pelayo fernandez
Leganés,diomande,yan diomande
Mallorca,david lopez,david lopez
Real Madrid,fran gonzalez,fran gonzalez
Real Valladolid,henrique,henrique
Real Valladolid,ferreira,andre ferreira
Villarreal,sola,arnau sola
Villarreal,etta eyong,etta eyong
Barcelona,dani rodriguez,dani rodriguez
Real Madrid,jacobo,jacobo ramon
Real Madrid,victor munoz,victor munoz
Real Valladolid,alani,ibrahim alani
Real Valladolid,parente,iago parente
Real Betis,mendy,nobel mendy
Las Palmas,diego martin,diego martin
Girona FC,krapyvtsov,vladyslav krapyvtsov
Real Valladolid,xavi moreno,xavi moreno
Las Palmas,arturo,arturo rodriguez
Las Palmas,josito,jose carlo gonzalez
Villarreal,requena,dani requena
Girona FC,rincon,hugo rincon
Girona FC,vitor reis,vitor reis
Girona FC,lemar,thomas lemar
Girona FC,roca,joel roca
Rayo Vallecano,luiz felipe,luiz felipe
Villarreal,moleiro,alberto moleiro
Villarreal,thomas,thomas partey
Villarreal,rafa marin,rafa marin
Villarreal,mourino,santiago mourino
Real Oviedo,marco esteban,marco esteban
Real Oviedo,cazorla,santi cazorla
Real Oviedo,borja sanchez,borja sanchez
Real Oviedo,falah,omar falah
Real Oviedo,vinas,federico vinas
Real Oviedo,hassan,haissem hassan
Real Oviedo,rondon,salomon rondon
Real Oviedo,chaira,ilyas chaira
Real Oviedo,reina,alberto reina
Real Oviedo,sibo,kwasi sibo
Real Oviedo,calvo,dani calvo
Real Oviedo,luengo,oier luengo
Real Oviedo,nacho vidal,nacho vidal
Real Oviedo,l. ilic,luka ilic
Real Oviedo,aaron,aaron escandell
Real Oviedo,alhassane,abdel rahim
Mallorca,joseph,mateo joseph
Mallorca,pablo torre,pablo torre
Barcelona,torrents,jofre torrents
Barcelona,joan garcia,joan garcia
Barcelona,rashford,marcus rashford
Deportivo Alavés,mariano,mariano diaz
Deportivo Alavés,calebe,calebe goncalves
Deportivo Alavés,ibanez,pablo ibanez
Deportivo Alavés,youssef,youssef enriquez lekhedim
Deportivo Alavés,jonny,jonny otto
Levante UD,moreno,matias moreno
Levante UD,morales,jose luis morales
Levante UD,lozano,sergio lozano
Levante UD,victor garcia,victor garcia
Levante UD,ivan romero,ivan romero
Levante UD,pablo martinez,pablo martinez
Levante UD,pampin,diego pampin
Levante UD,oriol rey,oriol rey
Levante UD,c. alvarez,carlos alvarez
Levante UD,elgezabal,unai elgezabal
Levante UD,jorge cabello,jorge cabello
Levante UD,de la fuente,adrian de la fuente
Levante UD,brugui,roger brugue
Levante UD,toljan,jeremy toljan
Levante UD,manu sanchez,manuel sanchez
Levante UD,cunat campos,pablo cunat
Valencia,ugrinic,filip ugrinic
Valencia,santamaria,baptiste santamaria
Valencia,danjuma,arnaut danjuma
Valencia,copete,jose copete
Valencia,raba,dani raba
Valencia,agirrezabala,julen agirrezabala
Real Sociedad,guedes,goncalo guedes
Real Sociedad,caleta-car,duje caleta-car
Celta Vigo,el-abdellaoui,jones el-abdellaoui
Celta Vigo,bryan,bryan zaragoza
Celta Vigo,jutgla,ferran jutgla
Celta Vigo,radu,ionut radu
Getafe,davinchi,davinchi
Getafe,mario martin,mario martin
Getafe,liso,adrian liso
Athletic Club,navarro,robert navarro
Athletic Club,rego,alejandro rego
Athletic Club,areso,jesus areso
Sevilla,castrin,andres castrin
Espanyol,miguel rubio,miguel rubio
Espanyol,dolan,tyrhys dolan
Espanyol,terrats,ramon terrats
Espanyol,salinas,jose salinas
Espanyol,kike garcia,kike garcia
Espanyol,dmitrovic,marko dmitrovic
Atlético Madrid,cardoso,johnny cardoso
Atlético Madrid,raspadori,giacomo raspadori
Atlético Madrid,almada,thiago almada
Atlético Madrid,baena,alejandro baena
Atlético Madrid,ruggeri,matteo ruggeri
Atlético Madrid,hancko,david hancko
Elche,rafa mir,rafa mir
Elche,aguado,marc aguado
Elche,martim neto,martim neto
Elche,valera,german valera
Elche,febas,aleix febas
Elche,mourad,mourad el ghezouani
Elche,affengruber,david affengruber
Elche,mendoza,rodrigo mendoza
Elche,petrot,leo petrot
Elche,bigas,pedro bigas
Elche,ali houary,ali houary
Elche,dituro,matias dituro
Elche,jairo i.,jairo izquierdo
Elche,alvaro r.,alvaro rodriguez
Elche,a. nunez,alvaro nunez
Elche,john c.,john donald
Real Betis,riquelme,rodrigo riquelme
Real Betis,pau lopez,pau lopez
Real Madrid,alexander-arnold,trent alexander-arnold
Real Madrid,mastantuono,franco mastantuono
Real Madrid,huijsen,dean huijsen
Real Madrid,a. f. carreras,alvaro carreras
Osasuna,victor munoz,victor munoz
Osasuna,rosier,valentin rosier
Real Betis,valentin gomez,valentin gomez
Real Betis,junior,junior firpo
Deportivo Alavés,pinillos,lander pinillos
Mallorca,kumbulla,marash kumbulla
Celta Vigo,manu fernandez,manu fernandez
Elche,andre silva,andre silva
Elche,redondo,federico redondo
Elche,chust,victor chust
Levante UD,carlos espi,carlos espi
Levante UD,losada,iker losada
Real Sociedad,gorrotxategi,jon gorrotxategi
Villarreal,veiga,renato veiga
Girona FC,dawda,dawda camara
Girona FC,alex moreno,alex moreno
Real Oviedo,brekalo,josip brekalo
Real Oviedo,ejaria,ovie ejaria
Real Oviedo,costas,david costas
Real Oviedo,dendoncker,leander dendoncker
Rayo Vallecano,fran perez,fran perez
Levante UD,olasagasti,jon ander olasagasti
Levante UD,ryan,mathew ryan
Valencia,ramazani,largie ramazani
Deportivo Alavés,denis suarez,denis suarez
Real Sociedad,karrikaburu,jon karrikaburu
Girona FC,witsel,axel witsel
Sevilla,suazo,gabriel suazo
Sevilla,alfon,alfon gonzalez
Mallorca,virgili,jan virgili
Celta Vigo,roman,miguel roman
Villarreal,oluwaseyi,tani oluwaseyi
Real Betis,deossa,nelson deossa
Real Betis,valles,alvaro valles
Espanyol,koleosho,luca koleosho
Sevilla,alexis,alexis sanchez
Sevilla,azpilicueta,cesar azpilicueta
Sevilla,mendy,batista mendy
Elche,fort,hector fort
Elche,pedrosa,adria pedrosa
Getafe,kamara,abu kamara
Getafe,femenia,kiko femenia
Getafe,neyou,yvan neyou
Getafe,abqar,abdelkabir abqar
Real Oviedo,colombatto,santiago colombatto
Real Oviedo,fores,alex fores
Real Oviedo,carmo,david carmo
Real Oviedo,javi lopez,javi lopez
Real Oviedo,ahijado,lucas ahijado
Real Sociedad,goti,mikel goti
Real Sociedad,carlos soler,carlos soler
Athletic Club,izeta,urko izeta
Deportivo Alavés,pacheco,jon pacheco
Deportivo Alavés,boye,lucas boye
Atlético Madrid,pubill,marc pubill
Atlético Madrid,gonzalez,nicolas gonzalez
Villarreal,mikautadze,georges mikautadze
Girona FC,vanat,vladyslav vanat
Girona FC,ounahi,azzedine ounahi
Levante UD,koyalipou,goduine koyalipou
Levante UD,arriaga,kervin arriaga
Levante UD,etta eyong,etta eyong
Real Betis,s. amrabat,sofyan amrabat
Rayo Vallecano,alemao,alemao
Rayo Vallecano,becerra,samu becerra
Rayo Vallecano,vertrouwd,jozhua vertrouwd
Barcelona,bardghji,roony bardghji
Valencia,beltran,lucas beltran
Espanyol,pickel,charles pickel
Espanyol,ruben sanchez,ruben sanchez
Levante UD,vencedor,unai vencedor
Sevilla,vlachodimos,odysseas vlachodimos
Villarreal,solomon,manor solomon
Osasuna,becker,sheraldo becker
Athletic Club,laporte,aymeric laporte
Elche,diangana,grady diangana
Elche,josan,josan
Elche,bambo,bambo diaby
Elche,pena,inaki pena
Getafe,sancris,alex sancris
Getafe,javi munoz,javier munoz
Real Betis,dani perez,dani perez
Girona FC,lass,lass kourouma
Espanyol,riedel,clemens riedel
Villarreal,tenas,arnau tenas
Real Oviedo,bailly,eric bailly
Sevilla,cardoso,fabio cardoso
Barcelona,dro fernandez,dro fernandez
Elche,adam boayar,adam boayar
Barcelona,toni fernandez,toni fernandez
Real Sociedad,herrera,yangel herrera
Rayo Vallecano,mendy,nobel mendy
Valencia,comert,eray comert
Levante UD,matturro,alan matturro
Elche,santiago,yago santiago
Mallorca,bergstrom,lucas bergstrom
Real Oviedo,agudin,pablo agudin
Deportivo Alavés,morcillo,diego morcillo
Athletic Club,selton,selton sanchez
Real Sociedad,carrera,gorka  carrera zarranz
Sevilla,sierra,miguel sierra
Villarreal,carlos macia,carlos macia
Getafe,solozabal,hugo solozabal
Girona FC,arango,juan arango
Sevilla,oso,oso
Real Madrid,valdepenas,victor valdepenas
Levante UD,cortes,paco cortes
Levante UD,raghouber,ugo raghouber
Levante UD,tunde,kareem tunde
Villarreal,freeman,alexander freeman
Real Sociedad,astiazaran,lander astiazaran
Deportivo Alavés,aitor manas,aitor manas
Real Madrid,jimenez,david jimenez
Getafe,mestanza,alejandro mestanza
Getafe,joselu,jose luis perez
Osasuna,galan,javi galan
Real Oviedo,fonseca,nicolas fonseca
Getafe,montes,jorge montes
Real Oviedo,borbas,thiago borbas
Rayo Vallecano,carlos martin,carlos martin
Getafe,satriano,martin satriano
Celta Vigo,burcio,hugo burcio
Elche,alex sanchez,alex sanchez
Rayo Vallecano,akhomach,ilias akhomach
Athletic Club,hierro,asier hierro
Real Betis,corralejo,ivan corralejo
Girona FC,echeverri,claudio echeverri
Girona FC,beltran,fran beltran
Girona FC,ter stegen,marc-andre ter stegen
Getafe,boselli,sebastian boselli
Getafe,luis vazquez,luis vazquez
Getafe,romero,zaid romero
Real Oviedo,thiago,thiago fernandez
Osasuna,raul moro,raul moro
Levante UD,abed,tai abed
Atlético Madrid,monserrate,jano monserrate
Elche,cepeda,lucas cepeda
Real Sociedad,wesley,wesley
Sevilla,maupay,neal maupay
Barcelona,marques,tomas marques
Real Sociedad,ochieng,job ochieng
Elche,villar,gonzalo villar
Deportivo Alavés,angel perez,angel perez
Atlético Madrid,vargas,obed vargas
Atlético Madrid,mendoza,rodrigo mendoza
Atlético Madrid,lookman,ademola lookman
Real Betis,fidalgo,alvaro fidalgo
Valencia,guido,guido rodriguez
Valencia,nunez,unai nunez
Real Madrid,cestero,jorge cestero
Villarreal,hugo lopez,hugo lopez
Espanyol,ngonge,cyril ngonge
Elche,tete morente,tete morente
Celta Vigo,vecino,matias vecino
Levante UD,nacho perez,nacho perez
Mallorca,luvumbo,zito luvumbo
Athletic Club,eder garcia,eder garcia
Elche,sangare,buba sangare
Getafe,birmancevic,veljko birmancevic
Villarreal,alfon,alfon gonzalez
Atlético Madrid,julio diaz,julio diaz
Celta Vigo,antanon,andres antanon
Real Madrid,thiago,thiago pitarch
Real Madrid,palacios,cesar palacios
Real Madrid,manuel angel,manuel angel moran
Deportivo Alavés,ballestero,carlos ballestero
Deportivo Alavés,koski,ville koski
Real Madrid,d. aguado,diego aguado
Mallorca,kalumba,justin-noel kalumba
Barcelona,espart,xavi espart
Celta Vigo,a. nunez,alvaro nunez
Las Palmas,sergio ruiz,sergio vieira
Deportivo Alavés,diabate,ibrahim diabate
Real Sociedad,aguirre,ibai aguirre
Atlético Madrid,morcillo,javi morcillo
Atlético Madrid,taufik,taufik seidu
