Oficial,OCR
0,D
A. Alti,A. Alti
A. Arcos,A. Arcos
A. Batalla,A. Batalla
A. Castrín,A. Castrín
A. Ferllo,A. Ferllo
A. Fores,A. Fores
A. Fores,A. Fores D
A. Fortuño,A. Fortuño
A. Houary,A. Houary D
A. Iturbe,A. Iturbe
A. J. Morales,A. J Morales
A. J. Morales,A. J Morales D
A. J. Morales,A. J Morales DE
A. J. Morales,A. J Morales DI
A. J. Morales,A. J Morales Uuuib
A. Liso,A. Liso
A. Martinez,A. Martinez
A. Moleiro,A. Moleiro
A. Mumin,A. Mumin
A. Osambela,A. Osambela
A. Pedraza,A. Pedraza
A. Primo,A. Primo
A. Primo,A. Primo UUSuIB
A. Primo,A. Primo Uuuib
A. Rahim,A. Rahim
A. Rebbach,A. Rebbach
A. Reina,A. Reina
A. Riquelme,A. Riquelme
A. Roca,A. Roca
A. abqar,A. Abqar
Aarón,Aarón
Abdón,Abdón
Abdón,Abdón D
Abel Bretones,Abel Bretones
Abel Ruiz,Abel Ruiz
Abel Ruiz,Abel Ruiz DI
Adam B.,Adam B.
Adama,Adama
Adama,Adama Clp
Adama,Adama lup
Adrián,Adrián
Adrián,Adrián Clp
Adrián,Adrián D
Adrián,Adrián DE
Adrián Molina,Adrián Molina
Affengruber,Affengruber
Agirrezabala,Agirrezabala
Agoumé,Agoumé
Agudín,Agudín
Aguirre,Aguirre
Aidoo Jr,Aidoo Jr
Aihen,Aihen
Aimar,Aimar
Aimar Blázquez,Aimar Blázquez
Aimar Blázquez,Aimar Blázquez D
Aitor Fdez,Aitor Fdez
Aitor Ruibal,Aitor Ruibal
Aitor Ruibal,Aitor Ruibal D
Aitor Ruibal,Aitor Ruibal DE
Akor,Akor
Akor,Akor D
Akor,Akor DE
Akor,Akor DL
Alaba,Alaba
Alan Matturo,Alan Matturro
Alan Matturo,Alan Matturro UUrutib
Alassane,Alassane
Albert,Albert
Alberto F.,Alberto F.
Alemao,Alemo
Alex Costa,Alex Costa
Alex Costa,Alex Costa DE
Alex Costa,Alex Costa DI
Alex Marchal,Alex Marchal
Alex Moreno,Alex Moreno
Alexis Sánchez,Alexis Sánchez
Alexis Sánchez,Alexis Sánchez D
Alexis Sánchez,Alexis Sánchez DE
Aleñá,Aleñá
Alfon,Alfon
Alfon,Alfon D
Almada,Almada
Almeida,Almeida
Altimira,Altimira
Amrabat,Amrabat
Andreev,Andreev
André Silva,André Silva
André Silva,André Silva D
Antañón,Antañón
Antonio Sánchez,Antonio Sánchez
Antonio Sánchez,UF Antonio Sánchez
Antony,Antony
Antony,Antony DE
Antony,UEN Antony
Arambarri,Arambarri
Arambarri,Neai Delis Arambarri
Aramburu,Aramburu
Aramburu,U Aramburu
Arango,Arango
Arango,Arango D
Arda Güler,Arda Gler
Areso,Areso
Areso,Areso Ctc
Arguibide,Arguibide
Aritz,Aritz
Arnau,Arnau
Arnau Tenas,Arnau Tenas
Arriaga,Arriaga
Arriaga,Arriaga UusuiB
Asano,Asano
Asano,Asano DE
Asencio,Asencio
Asier Hierro,Asier Hierro
Asier Hierro,Asier Hierro Ctc
Asier Hierro,Asier Hierro D
Asier Hierro,Asier Hierro DE
Asier Hierro,Asier Hierro DI
Asprilla,Asprilla
Astiazaran,Astiazaran
Ayoze,Ayoze
Ayoze,Ayoze DI
Azpilicueta,Azpilicueta
B. Iglesias,B. Iglesias
B. Iglesias,B. Iglesias D
B. Iglesias,B. Iglesias DE
B. Mayoral,B. Mayoral
B. Sangare,B. Sangare
Bakambu,Bakambu
Bakambu,Bakambu D
Bakambu,Bakambu DE
Ballestero,Ballestero
Balliu,Balliu
Bardghji,Bardghji
Barrenetxea,Barrenetxea
Barrios,Barrios
Barry,Barry
Bartra,Bartra
Becerra,Becerra
Becker,Becker
Beitia,Beitia
Bellerín,Bellerín
Bellingham,Bellingham
Bema Sina,Bema Sina
Berenguer,Berenguer
Berenguer,Berenguer Ctc
Berenguer,Berenguer D
Berenguer,Berenguer DE
Berenguer,Berenguer DI
Berenguer,Berenguer lup
Bergstrom,Bergstrom
Birma,Birma
Birma,Birma DI
Bladi,Bladi
Blanco,Blanco
Boselli,Boselli
Boyomo,Boyomo
Brahim,Brahim
Brais Méndez,Brais Méndez
Brandon Domin...,Brandon Domin...
Brekalo,Brekalo
Bryan,Bryan
Bryan Gil,Bryan Gil
Buchanan,Buchanan
Budimir,Budimir
Bujan,Bujan
Bujan,Bujan Ctc
Bujan,Bujan D
Bujan,Bujan DE
Burcio,Burcio
C. Alvarez,C. Alvarez
C. Alvarez,C. Alvarez UlsuI
C. Dominguez,C. Dominguez
C. Dominguez,c. Dominguez
C. Espí,C. Espí
C. Espí,C. Espí D
C. Espí,C. Espí DE
C. Espí,C. Espí DE UUuti
C. Espí,C. Espí DI
C. Rivero,C. Rivero
C. Romero,C. Romero
C. Soler,C. Soler
Cabanes,Cabanes
Cabanes,Cabanes DI
Cabello,Cabello
Cabrera,Cabrera
Calebe,Calebe
Caleta-Car,Caleta-Car
Camavinga,Camavinga
Camello,Camello
Camello,Camello DE
Cancelo,Cancelo
Cardona,Cardona
Cardona,Payu Cardona
Cardoso,Cardoso
Carlos M.,Carlos M.
Carlos Macià,Carlos Maci
Carlos Martín,Carlos Martín
Carlos V.,Carlos V
Carlos V.,Carlos V.
Carmona,Carmona
Carreira,Carreira
Carvajal,Carvajal
Catena,Catena
Cayetano,Cayetano
Cepeda,Cepeda
Cepeda,Cepeda D
Cepeda,Cepeda DI
Cestero,Cestero
Chavarría,Chavarría
Cheli,Cheli
Chimy Ávila,Chimy Ávila
Chimy Ávila,Chimy Ávila D
Chimy Ávila,Chimy Ávila DE
Christensen,Christensen
Coba,Coba
Colobatto,Colombatto
Comesaña,Comesaña
Conor Gallagher,Conor Gallagher
Copete,Copete
Costa,Costa
Courtois,Courtois
Cucho,Cucho
Cucho,Neai Cucho
Cucho,Neai IvIaunlu Cucho
Cucho,cucho
Cuéllar,Cuéllar
Cuéllar,NeaI Cuéllar
Cömert,Cmert
D. Ceballos,D. Ceballos
D. Cárdenas,D. Cárdenas
D. Jiménez,D. Jiménez
D. Martínez,D. Martínez
D. Pérez,D. Pérez
Daley Blind,Daley Blind
Damian,Damian
Dani Calvo,Dani Calvo
Dani Olmo,Dani Olmo
Dani Rodríguez,Dani Rodríguez
Danjuma,Danjuma
Darder,Darder
David Carmo,David Carmo
David Carmo,UEN David Carmo
David Costas,David Costas
David Costas,Neai UVichu David Costas
David Delgado,David Delgado
David López,David López
David Soria,David Soria
Davinchi,Davinchi
De Frutos,De Frutos
De Galarreta,De Galarreta
De Galarreta,De Galarreta Ctc
De Galarreta,De Galarreta lup
De Las Sias,De Las Sias
Dela,Dela
Dela,Dela UlsuI
Dendoncker,Dendoncker
Denis Suárez,Denis Suárez
Diabate,Diabate
Diaby,Diaby
Diakhaby,Diakhaby
Diego Aguado,Diego Aguado
Diego Conde,Diego Conde
Diego López,Diego López
Diego López,Diego López D
Dieguito,Dieguito
Dimitrievski,Dimitrievski
Djene,Djene
Dmitrovic,Dmitrovic
Dolan,Dolan
Dolan,Dolan D
Domenech,Domenech D
Domingos Duar...,Domingos Duar
Domingos Duar...,Domingos Duar.
Dro,Dro
E. Bailly,E. Bailly
E. Militao,E. Milito
Echeverri,Echeverri
Eder Aller,Eder Aller
Eder García,Eder García
Eder García,Eder García Clp
Eder García,Eder García Ctc
Edu Altozano,Edu Altozano
Edu Expósito,Edu Expósito
Egiluz,Egiluz
Egoitz M.I.,Egoitz M.I.
Egoitz M.I.,Egoitz MI.
Ejaria,Ejaria
Ejaria,Ejaria D
Ejaria,Ejaria DI
Ejuke,Ejuke
Ejuke,Ejuke D
Ejuke,Ejuke DE
Ejuke,Ejuke DI
El Hilali,El Hilali
El-Abdellaoui,EI-Abdellaoui D
El-Abdellaoui,EI-Abdellaoui DE
El-Abdellaoui,El-Abdellaoui
El-Abdellaoui,El-Abdellaoui D
Elgezabal,Elgezabal
Endrick,Endrick
Eric,Eric
Esquivel,Esquivel
Etta Eyong,Etta Eyong
Etta Eyong,Etta Eyong DE
Etta Eyong,Etta Eyong DE UlsuI
Ez Abde,Ez Abde
F. Calero,F.Calero
F. De Jong,F.De Jong
F. Garcés,F.Garcés
F. Mastantuono,F. Mastantuono
F. Mastantuono,F.Mastantuono
F. Mastantuono,F.Mastantuono D
F. Mendy,F Mendy
F. Mendy,F. Mendy
F. Viñas,F. Viñas
F. Viñas,F. Viñas D
Febas,Febas
Fer López,Fer López
Fermín,Fermín
Ferran,Ferran
Ferran,Ferran D
Ferran,Ferran DE
Ferran Jutglà,Ferran Jutgl
Ferran Jutglà,Ferran Jutgl D
Ferran Jutglà,Ferran Jutgl DE
Ferran Jutglà,Ferran Jutgl DI
Ferrer,Ferrer
Ferri,Ferri
Fidalgo,Fidalgo
Folgado,Folgado
Fonseca,Fonseca
Fontanet,Fontanet
Fornals,Fornals
Fortea,Fortea
Foulquier,Foulquier
Foyth,Foyth
Fraga,Fraga
Fran Beltrán,Fran Beltrán
Fran García,Fran García
Fran González,Fran González
Fran Pérez,Fran Pérez
Franco Cervi,Franco Cervi
Franco Cervi,Franco Cervi D
Franco Cervi,Franco Cervi DE
Franco Cervi,Franco Cervi DI
Francés,Francés
Freeman,Freeman
Félix,Félix
G. Rodríguez,G. Rodríguez
G. Rodríguez,Guido Rodríguez
G. Villar,G. Villar
Gattoni,Gattoni
Gavi,Gavi
Gayá,Gayá
Gazzaniga,Gazzaniga
Gerard,Gerard
Gerard,Gerard D
Gerard,Gerard DI
Gerard Martín,Gerard Martín
German V.,German V
German V.,German V.
Germán,Germán
Gibi,Gibi
Giuliano,Giuliano
Gonzalo,Gonzalo
Gorka Carrera,Gorka Carrera
Gorka Carrera,Gorka Carrera D
Gorka Carrera,Gorka Carrera DE
Gorka Carrera,Gorka Carrera DI
Gorosabel,Gorosabel
Gorosabel,Gorosabel Clp
Gorosabel,Gorosabel Ctc
Gorrotxa,Gorrotxa
Goti,Goti
Grady Diangana,Grady Diangana
Grady Diangana,Grady Diangana D
Grady Diangana,Grady Diangana DE
Grady Diangana,Grady Diangana DI
Griezmann,Griezmann
Gudelj,Gudelj
Guedes,Guedes
Guevara,Guevara
Gueye,Gueye
Guille Fernández,Guille Fernández
Gumbau,Gumbau
Guridi,Guridi
Guruzeta,Guruzeta
Guruzeta,Guruzeta D
Guruzeta,Guruzeta DE
Guruzeta,Guruzeta DI
H. González,H. González
H. González,H.González
H. Rincón,H. Rincón
Hancko,Hancko
Hassan,Hassan
Herrando,Herrando
Herrera,Herrera
Hugo Alvarez,Hugo Alvarez
Hugo Duro,Hugo Duro
Hugo Duro,Hugo Duro D
Hugo Duro,Hugo Duro DE
Hugo Lopez,Hugo Lopez
Hugo Sotelo,Hugo Sotelo
Huijsen,Huijsen
Huseini,Huseini
Huseini,Huseini UlsuI
Héctor Fort,Héctor Fort
I. Akhomach,Akhomach
I. Akhomach,Akhomach D
I. Akhomach,I. Akhomach
I. Benito,Benito
I. Benito,I. Benito
I. Benito,I. Benito D
I. Lekue,I. Lekue
I. Lekue,I. Lekue Clp
I. Lekue,Lekue
I. Romero,I. Romero DE
I. Romero,Romero
I. Romero,Romero D
I. Romero,Romero DE
I. Romero,Romero DE UUuti
I. Romero,Romero DE UlsuI
Iago Aspas,lago Aspas
Iago Aspas,lago Aspas D
Iago Aspas,lago Aspas DE
Iago Aspas,lago Aspas DI
Ibañez,Ibañez
Ibon Sánchez,Ibon Sánchez
Ibon Sánchez,Ibon Sánchez D
Ibon Sánchez,Ibon Sánchez DE
Iker Losada,Iker Losada
Iker Losada,Iker Losada D
Iker Losada,Iker Losada DE
Iker Muñoz,Iker Muñoz
Ilaix Moriba,Ilaix Moriba
Ilic,Ilic
Ilyas,Ilyas
Ionut Radu,lonut Radu
Isaac,Isaac
Isaac,Isaac D
Isaac,Isaac DE
Isaac,Isaac DI
Isaac,Isaac DL
Isco,Isco
Isi,Isi
Ismael,Ismael
Iván,Iván
Iván Martín,Iván Martín
Iván Villar,Iván Villar
Izei,Izei
Izeta,Izeta
Izeta,Izeta D
Izeta,Izeta DE
Iñaki Peña,Iñaki Peña
Iñaki Williams,Iñaki Williams
Iñaki Williams,Iñaki Williams Ctc
Iñaki Williams,Iñaki Williams D
Iñaki Williams,Iñaki Williams DE
J. Benito,J. Benito
J. Boñar,J. Boñar
J. Gaitán,J. Gaitán
J. Ives Valou,J. Ives Valou
J. Mojica,J Mojica
J. Mojica,J. Mojica
J. Musso,J. Musso
J. Vertrouwd,J Vertrouwd
J. Vertrouwd,J. Vertrouwd
J. Vázquez,J. Vázquez
J.M. Giménez,J. M. Giménez
Jan Salas,Jan Salas
Jan Virgili,Jan Virgili
Jan Virgili,Jan Virgili D
Jandro,Jandro
Jano,Jano
Januzaj,Januzaj
Jauregizar,Jauregizar
Javi Galán,Javi Galán
Javi Guerra,Javi Guerra
Javi H.,Javi H.
Javi Llabrés,Javi Llabrés
Javi Lopéz,Javi López
Javi Muñoz,Javi Muñoz
Javi Navarro,Javi Navarro
Javi Rodriguez,Javi Rodríguez
Javi Rueda,Javi Rueda
Javi Serrano,Javi Serrano
Jeremy Toljan,Jeremy Toljan
Jeremy Toljan,Jeremy Toljan UlsuI
Jhon Solis,Jhon Solis
Joan García,Joan García
Joan Martínez,Joan Martínez
Joan Ruiz,Joan Ruiz
Joel Roca,Joel Roca
Joel Roca,Joel Roca D
Joel Roca,Joel Roca DE
Jofre,Jofre
Jofre,Jofre D
John C.,John C.
Johnny,Johnny
Jon De Luis,Jon De Luis
Jon De Luis,Jon De Luis Ctc
Jon Garcia,Jon Garcia
Jon Martin,Jon Martin
Jonny Otto,Jonny Otto
Jordán,Jordán
Josan,Josan
Joselu,Joselu
Juan Carlos,Juan Carlos
Juan Cruz,Juan Cruz
Juan Hernández,Juan Hernández
Juan Iglesias,Juan Iglesias
Juanlu,Juanlu
Juanmi,Juanmi
Juanpe Gil,Juanpe Gil
Julio Díaz,Julio Díaz
Julián Alvarez,Julián Alvarez
Junior,Junior
Júnior R.,Júnior R.
K. Tunde,K. Tunde
K. Tunde,K. Tunde UlsuIB
K. Tunde,K. Tunde Uuuib
Kalumba Jr,Kalumba Jr
Kamara,Kamara
Kambwala,Kambwala
Karrikaburu,Karrikaburu
Karrikaburu,Karrikaburu D
Karrikaburu,Karrikaburu DE
Kike Barja,Kike Barja
Kike Barja,Kike Barja D
Kike García,Kike García
Kike García,Kike García D
Kike Salas,Kike Salas
Kiko F.,Kiko F.
Kita,Kita
Kochen,Kochen
Koke,Koke
Koleosho,Koleosho
Koski,Koski
Kostis,Kostis
Kounde,Kounde
Koyalipou,Koyalipou
Krapyvtsov,Krapyvtsov
Kubo,Kubo
Kumbulla,Kumbulla
L. Milla,L. Milla
L. Pinillos,L. Pinillos
L. Pinillos,L.Pinillos
Lamine Gueye,Lamine Gueye
Lamine Gueye,Lamine Gueye D
Lamine Gueye,Lamine Gueye DI
Lamine Yamal,Lamine Yamal
Lamine Yamal,Lamine Yamal D
Lamini,Lamini
Laporte,Laporte
Laporte,Laporte Clp
Lass,Lass
Le Normand,Le Normand
Lebarbier,Lebarbier
Lejeune,Lejeune
Lemar,Lemar
Lenglet,Lenglet
Leo Román,Leo Román
Letacek,Letacek
Lewandowski,Lewandowski
Lewandowski,Lewandowski DE
Livakovic,Livakovic
Llorente,Llorente
Lo Celso,Lo Celso
Lookman,Lookman
Lucas,Lucas
Lucas Beltrán,Lucas Beltrán
Lucas Boyé,Lucas Boyé
Lucas Laso,Lucas Laso
Lucas Núñez,Lucas Núñez
Luengo,Luengo
Luis Vázquez,Luis Vázquez
Luis Vázquez,Luis Vázquez D
Luiz Felipe,Luiz Felipe
Lunin,Lunin
Luvumbo,Luvumbo
Luvumbo,Luvumbo D
Léo Pétrot,Léo Pétrot
M. Aguado,M. Aguado
M. Casadó,M. Casadó
M. Dituro,M. Dituro
M. Narváez,M. Narváez
M. Román,M. Román
M. Santos,M. Santos
M. Santos,M. Santos Clp
Maffeo,Maffeo
Manu Bueno,Manu Bueno
Manu G.,Manu G.
Manu Sánchez,Manu Sánchez
Manuel Fernán...,Manuel Fernán..
Manuel Fernán...,Manuel Fernán...
Manuel Ángel,Manuel Ángel
Marc Bernal,Marc Bernal
Marc Jurado,Marc Jurado
Marc Pubill,Marc Pubill
Marc Roca,Marc Roca
Marc Vidal,Marc Vidal
Marcao,Marcao
Marco Esteban,Marco Esteban
Marcos Alonso,Marcos Alonso
Marcos Llorente,Marcos Llorente
Mariano,Mariano
Mariezkurrena,Mariezkurrena
Mariezkurrena,Mariezkurrena D
Mariezkurrena,Mariezkurrena DE
Mario Martín,Mario Martín
Maroan,Maroan
Maroan,Maroan D
Maroan,Maroan DE
Marrero,Marrero
Martim Neto,Martim Neto
Martin Krug,Martin Krug
Martin Krug,Martin Krug Uuuti
Marín,Marín
Mascarell,Mascarell
Mateo Joseph,Mateo Joseph
Mateo Joseph,Mateo Joseph D
Mateo Joseph,Mateo Joseph DE
Matías Moreno,Matías Moreno
Matías Moreno,Matías Moreno UlsuI
Matías Moreno,Matías Moreno Uuuib
Maupay,Maupay
Maupay,Maupay D
Maupay,Maupay DE
Mauro,Mauro
Mawuli,Mawuli
Mañas,Mañas
Mbappé,Mbappé
Mendy,Mendy
Meso,Meso
Mestanza,Mestanza
Mestre,Mestre
Miguel Rubio,Miguel Rubio
Miguel Sierra,Miguel Sierra
Miguel Sierra,Miguel Sierra D
Miguel Sierra,Miguel Sierra DE
Miguel Sierra,Miguel Sierra DI
Mikautadze,Mikautadze
Mikel,Mikel
Moi Gómez,Moi Gómez
Moldovan,Moldovan
Molina,Molina
Moncayola,Moncayola
Monreal,Clp
Monreal,Monreal
Montero,Montero
Montes,Montes
Morcillo,Morcillo
Morey,Morey
Morlanes,Morlanes
Mouriño,Mouriño
Moussa Diarra,Moussa Diarra
Muriqi,Muriqi
Muriqi,Muriqi DE
Mykyta,Mykyta
N. Mendy,N. Mendy
Nacho Perez,Nacho Perez
Nacho Perez,Nacho Perez UlsuI
Nacho Vidal,Nacho Vidal
Natan,Natan
Navarro,Navarro
Navarro,Navarro Ctc
Nelson Deossa,Nelson Deossa
Neyou,Neyou
Ngonge,Ngonge
Ngonge,Ngonge D
Ngonge,Ngonge DI
Nianzou,Nianzou
Nico Gonzalez,Nico Gonzalez
Nico Serrano,Nico Serrano
Nico Serrano,Nico Serrano D
Nico Serrano,Nico Serrano DE
Nico Williams,Nico Williams
Nico Williams,Nico Williams D
Nico Williams,Nico Williams DE
Nico Williams,Nico Williams DI
Nico Williams,Nico Williams lup D
Nikola Maras,Nikola Mara
Nil,Nil
Nordin Al-Lal,Nordin Al-Lal
Nordin Al-Lal,Nordin Al-Lal D
Nteka,Nteka
Nteka,Nteka DI
Nyland,Nyland
Nyom,Nyom
Núñez,Núñez
O. Mingueza,Mingueza
O. Rey,Rey
O. Rey,Rey UUsGib
O. Rey,Rey UlsuI
O. Sancet,O. Sancet
Obed Vargas,Obed Vargas
Oblak,Oblak
Ochieng,Ochieng
Odriozola,Odriozola
Olaizola,Olaizola
Olasagasti,Olasagasti
Olasagasti,Olasagasti UUuti
Olasagasti,Olasagasti UlsuI
Olasagasti,Olasagasti u
Oluwaseyi,Oluwaseyi
Oluwaseyi,Oluwaseyi D
Omar Falah,Omar Falah
Orejuela,Orejuela
Oskarsson,Oskarsson
Oskarsson,Oskarsson D
Oskarsson,Oskarsson DE
Oso,Oso
Osorio,Osorio
Osorio,Osorio D
Osorio,Osorio DI
Otorbi,Otorbi
Ounahi,Ounahi
Ounahi,ounahi
Oyarzabal,Oyarzabal
Oyarzabal,Oyarzabal DE
Oyarzabal,Oyarzabal DI
P. Campos,P. Campos
P. Campos,P. Campos UlsuI
P. Campos,P.Campos
P. Martínez,P. Martínez
P. Meixus,P. Meixus
Pablo Agudín,Pablo Agudín
Pablo Durán,Pablo Durán
Pablo Durán,Pablo Durán D
Pablo Durán,Pablo Durán DE
Pablo Durán,Pablo Durán DI
Pablo García,Pablo García
Pablo García,Pablo García DE
Pablo Torre,Pablo Torre
Pacha,Pacha
Pacheco,Pacheco
Paco Cortes,Paco Cortes
Paco Cortes,Paco Cortes D
Paco Cortes,Paco Cortes DE
Paco Cortes,Paco Cortes DE UUuti
Paco Cortes,Paco Cortes DI
Padilla,Padilla
Padilla,Padilla Ctc
Palacios,Palacios
Pampin,Pampin
Panach,Panach
Papa,Papa
Paredes,Paredes
Parejo,Parejo
Pathé I. Ciss,Pathé . Ciss
Pathé I. Ciss,Pathé I. Ciss
Pau Cubrasí,Pau Cubarsí
Pau López,Pau López
Pau Navarro,Pau Navarro
Pedri,Pedri
Pedro Díaz,Pedro Díaz
Pedroarena,Pedroarena
Pedrosa,Pedrosa
Pepe,Pepe
Pepe,Pepe D
Pepelu,Pepelu
Peque,Peque
Peque,Peque DE
Peque,Peque DL
Pere Milla,Pere Milla
Pere Milla,Pere Milla D
Pickel,Pickel
Pol Arnau,Pol Arnau
Pol Fortuny,Pol Fortuny
Pol Lozano,Pol Lozano
Portu,Portu
Prados,Prados
Protesoni,Protesoni
Puado,Puado
Puric,Purié
R. Araujo,R. Araujo
R. Arroyo,R. Arroyo
R. Arroyo,R. Arroyo D
R. Brugué,R. Brugué
R. Brugué,R. Brugué DE
R. Brugué,R. Brugué DE UlsuI
R. Brugué,R. Brugué DI
R. Brugué,R. Brugué UlsuIB
R. Brugué,R. Brugué Uuuib
R. Chasco,B.Chasco
R. Chasco,R. Chasco
R. Mendoza,B. Mendoza
R. Mendoza,R. Mendoza
R. Terrats,B. Terrats
R. Terrats,R. Terrats
R.P. Bigas,R.P. Bigas
R.P. Bigas,RP. Bigas
Raba,Raba
Raba,Raba DE
Rafa Marín,Rafa Marín
Rafa Marín,Rata Marin
Rafa Mir,Rafa Mir
Rafa Mir,Rafa Mir D
Rafa Romero,Rafa Romero
Raghouber,Raghouber
Raghouber,Raghouber UlsuI
Ramazani,Ramazani
Ramón Martínez,Ramón Martínez
Raphinha,Raphinha
Raphinha,Raphinha D
Rashford,Rashford
Rashford,Rashford D
Raspadori,Raspadori
Ratiu,Ratiu
Rayane,Rayane
Raíllo,Raíllo
Raúl,Raúl
Raúl,Raúl D
Raúl Fernández,Raúl Fernández
Raúl Moro,Raúl Moro
Raúl Moro,Raúl Moro D
Raúl Moro,Raúl Moro DI
Redondo,Redondo
Rego,Rego
Rego,Rego Ctc
Remiro,Remiro
Renato Veiga,Renato Veiga
Rico,Rico
Riedel,Riedel
Rioja,Rioja
Riquelme,Riquelme
Risco,Risco
Ristic,Ristic
Roberto,Roberto
Roberto,Roberto D
Roberto,Roberto DI
Rodrygo,Rodrygo
Rodrygo,Rodrygo D
Rodríguez,Rodríguez
Rondón,Rondón D
Roson,Roson
Roson,Roson UlsuI
Ruben,Ruben
Rubo,Rubo
Rubén Blanco,Rubén Blanco
Rubén García,Rubén García
Rubén S.,Rubén .
Rubén S.,Rubén S.
Ruggeri,Ruggeri
Ryan,Ryan
Rüdiger,Rdiger
S. Cazorla,S. Cazorla
Sadiq,Sadiq
Salguero,Salguero
Salhi,Salhi
Salias,Salinas
Samu Costa,Samu Costa
Santamaría,Santamaría
Santos,Santos
Sarasa,Sarasa
Saravia,Saravia
Satriano,Satriano
Satriano,Satriano D
Selton,Selton
Selton,Selton Ctc
Selton,Selton lup
Sergio Gómez,Sergio Gómez
Sergio Herrera,Sergio Herrera
Sibo,Sibo
Sierra,Sierra
Sivera,Sivera
Solomon,Solomon
Solozabal,Solozabal
Sow,Sow
Spina,Spina
Stamatakis,Stamatakis
Starfelt,Starfelt
Stuani,Stuani
Stuani,Stuani D
Suazo,Suazo
Sucic,Sucic
Sucic,sucic
Swiderski,Swiderski
Szczesny,Szczesny
Szczesny,szczesny
Sørloth,Sorloth
Sørloth,Srloth
T. Borbas,T. Borbas
T. Borbas,T. Borbas D
T. Borbas,T.Borbas
T. Martinez,T. Martinez
T. Martinez,T.Martinez
T. Morente,T. Morente
T. Morente,T. Morente D
T. Morente,T. Morente DI
Taufik Seidu,Taufik Seidu
Tchouaméni,Tchouaméni
Tenaglia,Tenaglia
Ter Stegen,Ter Stegen
Thiago Fernánd...,Thiago Fernánd.
Thiago Fernánd...,Thiago Fernánd..
Thiago Fernánd...,Thiago Fernánd...
Thiago Pitarch,Thiago Pitarch
Thierry Correia,Thierry Correia
Thomas Partey,Thomas Partey
Tommy Marqués,Tommy Marqués
Toni Fernández,Toni Fernández
Toni Fernández,Toni Fernández DE
Toni Lato,Toni Lato
Torró,Torró
Trejo,Trejo
Trent,Trent
Tristán,Tristán
Tsygankov,Tsygankov
Tsygankov,Tsygankov D
Turrientes,Turrientes
Tárrega,Tárrega
Ugrinic,Ugrinic
Unai G.,Unai G.
Unai G.,Unai G. Clp
Unai Lopez,Unai Lopez
Unai Simón,Unai Simón
Urko,Urko
V. Chust,V Chust
V. Parada,V Parada
V. Parada,V. Parada
V. Rosier,V Rosier
V. Rosier,V. Rosier
Valdepeñas,Valdepeñas
Valentín Gómez,Valentín Gómez
Valjent,Valjent
Valverde,Valverde
Van De Beek,Van De Beek
Vanat,Vanat
Vargas,Vargas
Vargas,Vargas D
Vargas,Vargas DE
Vargas,Vargas DI
Vecino,Vecino
Vencedor,Vencedor
Vesga,Vesga
Vilaplana,Vilaplana
Vini Jr.,Vini Jr.
Vitor Reis,Vitor Reis
Vivian,Vivian
Vivian,Vivian Ctc
Vlachodimos,Vlachodimos
Víctor G.,Victor G.
Víctor G.,Víctor G.
Víctor G.,Víctor G. UUuti
Víctor Muñoz,Víctor Muñoz
Víctor Muñoz,Víctor Muñoz D
Víctor Muñoz,Víctor Muñoz DI
Wesley,Wesley
Williot,Williot
Witsel,Witsel
Xanet Olaiz,Xanet Olaiz
Xavi Espart,Xavi Espart
Y. Santiago,Y. Santiago
Yassin T.,Yassin T.
Yañez,Yañez
Yeray,Yeray
Yeray,Yeray Ctc
Yoel Lago,Yoel Lago
Youssef,Youssef
Yuri,Yuri
Yuri,Yuri Ctc
Zaid Romero,Zaid Romero
Zakharyan,Zakharyan
Zubeldia,Zubeldia
Á. Carreras,Á. Carreras
Á. Ortiz,Á. Ortiz
Á. Valles,A. Valles
Á. Valles,Á. Valles
Álex Baena,Álex Baena
Álex Balde,Alex Balde
Álex Balde,Álex Balde
Álex Sancris,Álex Sancris
Álex Sancris,Álex Sancris D
Álex Sánchez,Álex Sánchez
Álvaro,Álvaro
Álvaro,Álvaro D
Álvaro,Álvaro DI
Álvaro García,Álvaro García
Álvaro Nuñez,Álvaro Nuñez
Álvaro Nuñez,Álvaro Núñez
Ángel Pérez,Ángel Pérez
Óscar Marcos,Óscar Marcos D
Óscar Valentín,Óscar Valentín
